datasetId,idPartitionDataset,idSnapshot
1498,1436,10000
1499,1436,10001
1500,1436,10002
1501,1436,10003
1502,1436,10004
1503,1436,10005
1504,1436,10006
1505,1436,10007
1506,1436,10008
1507,1436,10009
1508,1436,10010
1509,1436,10011
1510,1436,10012
1511,1436,10013
1512,1436,10014
1382,1436,10015
1383,1436,10016
1384,1436,10017
1385,1436,10018
1513,1436,10019
1514,1436,10020
1515,1436,10021
1516,1436,10022
1517,1436,10023
1518,1436,10024
1519,1436,10025
1520,1436,10026
1521,1436,10027
1522,1436,10028
1523,1436,10029
1524,1436,10030
1525,1436,10031
1526,1436,10032
1527,1436,10033
1528,1436,10034
1529,1436,10035
1530,1436,10036
1531,1436,10037
1532,1436,10038
1533,1436,10039
1534,1436,10040
1535,1436,10041
1536,1436,10042
1537,1436,10043
1538,1436,10044
1539,1436,10045
1540,1436,10046
1541,1436,10047
1542,1436,10048
1543,1436,10049
1544,1436,10050
1545,1436,10051
1546,1436,10052
1547,1436,10053
1548,1436,10054
1549,1436,10055
1550,1436,10056
1551,1436,10057
1552,1436,10058
1553,1436,10059
1554,1436,10060
1555,1436,10061
1556,1436,10062
1557,1436,10063
1558,1436,10064
1559,1436,10065
1560,1436,10066
1561,1436,10067
1562,1436,10068
1563,1436,10069
1564,1436,10070
1565,1436,10071
1566,1436,10072
1567,1436,10073
1568,1436,10074
1569,1436,10075
1570,1436,10076
1571,1436,10077
1572,1436,10078
1573,1436,10079
1574,1436,10080
1575,1436,10081
1576,1436,10082
1577,1436,10083
1578,1436,10084
1579,1436,10085
1580,1436,10086
1581,1436,10087
1582,1436,10088
1583,1436,10089
1584,1436,10090
1585,1436,10091
1586,1436,10092
1587,1436,10093
1588,1436,10094
1589,1436,10095
1590,1436,10096
1591,1436,10097
1592,1436,10098
1593,1436,10099
1594,1436,10100
1595,1436,10101
1596,1436,10102
1597,1436,10103
1598,1436,10104
1599,1436,10105
1600,1436,10106
1601,1436,10107
1602,1436,10108
1603,1436,10109
1604,1436,10110
1605,1436,10111
1606,1436,10112
1607,1436,10113
1608,1436,10114
1609,1436,10115