datasetId,tableschema
516,5ee74fce43e1e10001b3606c
523,5ee74fce43e1e10001b3606c
517,5ee74fce43e1e10001b3606c
524,5ee74fd5149bcc000116c96b
531,5ee74fce43e1e10001b3606c
531,5ee74fd5149bcc000116c96b
511,5ed7753d1c62c40001b14121
469,5ee082f21c62c40001b1421e
471,5ee082f21c62c40001b1421e
467,5ee23be71c62c40001b1426c
468,5ee23be71c62c40001b1426c
511,5ed7753d1c62c40001b14121
511,5ed7753d1c62c40001b14121
516,5ee74fce43e1e10001b3606c
523,5ee74fce43e1e10001b3606c
517,5ee74fd5149bcc000116c96b
524,5ee74fd5149bcc000116c96b
531,5ee74fce43e1e10001b3606c
531,5ee74fd5149bcc000116c96b
511,5ed7753d1c62c40001b14121
469,5ee082f21c62c40001b1421e
471,5ee082f21c62c40001b1421e
511,5ed7753d1c62c40001b14121
516,5ee74fce43e1e10001b3606c
523,5ee74fce43e1e10001b3606c
517,5ee74fce43e1e10001b3606c
524,5ee74fd5149bcc000116c96b
531,5ee74fce43e1e10001b3606c
531,5ee74fd5149bcc000116c96b
511,5ed7753d1c62c40001b14121
469,5ee082f21c62c40001b1421e
471,5ee082f21c62c40001b1421e
467,5ee23be71c62c40001b1426c
468,5ee23be71c62c40001b1426c
511,5ed7753d1c62c40001b14121
511,5ed7753d1c62c40001b14121
516,5ee74fce43e1e10001b3606c
523,5ee74fce43e1e10001b3606c
517,5ee74fd5149bcc000116c96b
524,5ee74fd5149bcc000116c96b
531,5ee74fce43e1e10001b3606c
531,5ee74fd5149bcc000116c96b
511,5ed7753d1c62c40001b14121
469,5ee082f21c62c40001b1421e
471,5ee082f21c62c40001b1421e
511,5ed7753d1c62c40001b14121
516,5ee74fce43e1e10001b3606c
523,5ee74fce43e1e10001b3606c
517,5ee74fce43e1e10001b3606c
524,5ee74fd5149bcc000116c96b
531,5ee74fce43e1e10001b3606c
531,5ee74fd5149bcc000116c96b
511,5ed7753d1c62c40001b14121
469,5ee082f21c62c40001b1421e
471,5ee082f21c62c40001b1421e
467,5ee23be71c62c40001b1426c
468,5ee23be71c62c40001b1426c
511,5ed7753d1c62c40001b14121
511,5ed7753d1c62c40001b14121
516,5ee74fce43e1e10001b3606c
523,5ee74fce43e1e10001b3606c
517,5ee74fd5149bcc000116c96b
524,5ee74fd5149bcc000116c96b
531,5ee74fce43e1e10001b3606c
531,5ee74fd5149bcc000116c96b
511,5ed7753d1c62c40001b14121
469,5ee082f21c62c40001b1421e
471,5ee082f21c62c40001b1421e
511,5ed7753d1c62c40001b14121
516,5ee74fce43e1e10001b3606c
523,5ee74fce43e1e10001b3606c
517,5ee74fce43e1e10001b3606c
524,5ee74fd5149bcc000116c96b
531,5ee74fce43e1e10001b3606c
531,5ee74fd5149bcc000116c96b
511,5ed7753d1c62c40001b14121
469,5ee082f21c62c40001b1421e
471,5ee082f21c62c40001b1421e
467,5ee23be71c62c40001b1426c
468,5ee23be71c62c40001b1426c
511,5ed7753d1c62c40001b14121
511,5ed7753d1c62c40001b14121
516,5ee74fce43e1e10001b3606c
523,5ee74fce43e1e10001b3606c
517,5ee74fd5149bcc000116c96b
524,5ee74fd5149bcc000116c96b
531,5ee74fce43e1e10001b3606c
531,5ee74fd5149bcc000116c96b
511,5ed7753d1c62c40001b14121
469,5ee082f21c62c40001b1421e
471,5ee082f21c62c40001b1421e
511,5ed7753d1c62c40001b14121
516,5ee74fce43e1e10001b3606c
523,5ee74fce43e1e10001b3606c
517,5ee74fce43e1e10001b3606c
524,5ee74fd5149bcc000116c96b
531,5ee74fce43e1e10001b3606c
531,5ee74fd5149bcc000116c96b
511,5ed7753d1c62c40001b14121
469,5ee082f21c62c40001b1421e
471,5ee082f21c62c40001b1421e
467,5ee23be71c62c40001b1426c
468,5ee23be71c62c40001b1426c
511,5ed7753d1c62c40001b14121
511,5ed7753d1c62c40001b14121
516,5ee74fce43e1e10001b3606c
523,5ee74fce43e1e10001b3606c
517,5ee74fd5149bcc000116c96b
524,5ee74fd5149bcc000116c96b
531,5ee74fce43e1e10001b3606c
531,5ee74fd5149bcc000116c96b
511,5ed7753d1c62c40001b14121
469,5ee082f21c62c40001b1421e
471,5ee082f21c62c40001b1421e
511,5ed7753d1c62c40001b14121