datasetId,partitionId
1500,1436
1501,1436
1502,1436
1503,1436
1504,1436
1505,1436
1499,1436
1506,1436
1507,1436
1508,1436
1509,1436
1510,1436
1511,1436
1512,1436
1382,1436
1383,1436
1384,1436
1385,1436
1513,1436
1514,1436
1515,1436
1516,1436
1517,1436
1518,1436
1519,1436
1520,1436
1521,1436
1522,1436
1523,1436
1524,1436
1525,1436
1526,1436
1527,1436
1528,1436
1529,1436
1530,1436
1531,1436
1532,1436
1533,1436
1534,1436
1535,1436
1536,1436
1537,1436
1538,1436
1539,1436
1540,1436
1541,1436
1542,1436
1543,1436
1544,1436
1545,1436
1546,1436
1547,1436
1548,1436
1549,1436
1550,1436
1551,1436
1552,1436
1553,1436
1554,1436
1555,1436
1556,1436
1557,1436
1558,1436
1559,1436
1560,1436
1561,1436
1562,1436
1563,1436
1564,1436
1565,1436
1566,1436
1567,1436
1568,1436
1569,1436
1570,1436
1571,1436
1572,1436
1573,1436
1574,1436
1575,1436
1576,1436
1577,1436
1578,1436
1579,1436
1580,1436
1581,1436
1582,1436
1583,1436
1584,1436
1585,1436
1586,1436
1587,1436
1588,1436
1589,1436
1590,1436
1591,1436
1592,1436
1593,1436
1594,1436
1595,1436
1596,1436
1597,1436
1598,1436
1599,1436
1600,1436
1601,1436
1602,1436
1603,1436
1604,1436
1605,1436
1606,1436
1607,1436
1608,1436
1609,1436